id,lane,v,x,y
1,22,12.68,174.27999999999997,19.375
2,33,12.42,9.375,175.32000000000005
3,21,7.3,203.09999999999997,15.625
4,11,14.5,15.625,-156.5
5,42,14.48,-171.04000000000002,5.625
6,43,13.25,-173.5,9.375
7,21,7.87,217.13,15.625
8,12,12.5,19.375,-187.5
9,42,11.62,-200.0,5.625
10,32,9.53,5.625,225.0
